canal,reservas,revenue,comissoes,noites_médias,revenue_liquido,pct_reservas,pct_revenue,comissao_media
Airbnb,214,68603.48,2058.11,2.7336448598130842,66545.37,13.2,12.8,9.62
Booking.com,600,206366.3,30954.66,2.8433333333333333,175411.64,37.0,38.6,51.59
Direto,350,111524.84,0.0,2.6742857142857144,111524.84,21.6,20.9,0.0
Expedia,287,88317.67,15897.19,2.7770034843205575,72420.48,17.7,16.5,55.39
Telefone,170,59419.76,0.0,2.8941176470588235,59419.76,10.5,11.1,0.0
